,response,cbeta,cenpack,env,hs_pair,pair,rg,rsigma,sheet,ss_pair,vdw,fa_atr,fa_dun,fa_elec,fa_intra_rep,fa_intra_sol_xover4,fa_rep,fa_sol,hbond_bb_sc,hbond_lr_bb,hbond_sc,hbond_sr_bb,dslf_fa13,lk_ball_wtd,omega,p_aa_pp,pro_close,rama_prepro,ref,yhh_planarity,pack,ss_mis,one_core_each,two_core_each,ss_contributes_core,n_charged,netcharge,total_score_per_res,contact_all_per_res,contact_buried_core_boundary_per_res,contact_buried_core_per_res,degree_per_res,degree_core_per_res,degree_core_boundary_per_res,exposed_hydrophobics_per_res,exposed_total_per_res,exposed_polars_per_res,polar_over_hydrophobic,buried_np_per_res,buried_np_AFILMVWY_per_res,buried_over_exposed,buried_over_exposed_AFILMVWY
0,1.0,0.7613008790965419,0.18108087620795252,3.761059658533461,0.5482749634722587,0.897027521723152,0.7879532542875907,-0.28788910896909636,0.6350486743723591,0.1566248172140502,-1.7279538621594477,0.43653673447099584,0.9560825644203442,-1.944156639309753,0.6449785638689518,-0.2582777233934754,0.34472960953949744,1.4244777459250093,0.3847410309953837,-2.275324344482162,-0.7397288665844552,-2.462010150295394,-3.354146004136267,3.6507118860456798,5.079214359294865,3.167927106339175,-1.6773343400420175,2.505534719008584,2.578900707697273,-0.8526397135103374,-1.207605556800903,0.9776161096022922,-2.0219126548537965,1.1100679728297767,-0.4381040316373215,0.5095862578991541,-0.5095862578992394,3.1736076507094877,-1.4227270635010243,-3.45841605505504,-2.985354969241138,0.096355984680863,1.4365444003431331,-0.4203846553196606,3.5844669383812633,2.9706632983896464,-1.7686420086472199,-2.931312050755007,4.113832075864441,4.004583366833994,-3.4224437463815858,-3.7366726645891006
1,1.0,-0.6961347225608504,-0.5999015098456182,0.10348900230728976,0.15474381204736692,-0.5380291503944941,0.43808916341696236,0.5223787445526333,-0.8100454172844044,0.7061420534873519,-0.19806322571440346,-0.7966781456424188,0.6711305992920247,-0.8818096678265416,-0.3203619232136929,0.48097879895887535,0.21143305131463225,1.0691213682506366,-0.9833699561825359,0.6787534605335213,-0.158719393229197,-0.4356751465356687,0.4150453923371681,-0.391534179365654,-0.35769677280833895,0.025138090776377322,0.5253164442009665,0.2328840265028499,-1.0908299145715261,0.1870539629576067,0.9014566643105273,-0.09792761014697227,1.13533388345968,-0.113948726829214,0.6627970064261005,0.5095862578991541,-0.5095862578992394,-0.4124162527716089,0.4914510709713767,0.011381151743269908,-0.2168156527897237,0.5930011690910427,-0.6447038019920054,0.7185765081199509,-0.6710801912349061,-0.8002619846388543,0.08592444356017641,0.43962680382029945,-0.2617433374426543,-0.2493713483410086,0.6286723859937113,0.6522600075089233
2,1.0,-0.6371055755734036,-0.7726379294935279,0.8181972196661865,0.0750994463518542,-1.4635438532992149,0.5553779263974327,0.5967605117195749,-0.6968104538989238,0.839603069111217,1.4117715885835307,-1.0956515695021287,0.981647224497987,-1.2385440600429847,0.046539920051450974,0.8854825458133736,-0.9922968289120481,1.5490005220991103,-1.3463273453721987,-0.14867857925568095,-0.29449622726833075,0.05655380553585211,-0.16525759184864827,-0.9548204937688947,-0.868771790731198,1.024398008093532,-0.02583975703578508,0.33125425169918427,-1.1130083688884382,0.2544783671059416,0.7970020167974476,-0.15249693144360774,1.2720059558311074,0.158978234400243,0.8974535373388636,0.5095862578991541,-0.5095862578992394,-0.7881507050018571,1.0976623906666492,0.17684242624638413,-0.2155474808363618,0.7063182211243274,-0.36541032648526905,0.31062529792607174,-1.023907342160182,-0.8741757297964335,0.4794952083029754,0.8577002987663066,-0.09735144254432787,-0.09955033236068069,1.1318525815453016,1.1102447041872339
3,1.0,-0.4685803421948542,0.05068270235796503,-0.05843812799781182,-0.03694944868655838,-0.49104826583238154,0.502039369794599,0.7044291160535773,-0.7799236318276925,1.0179904039648289,0.6004659480444942,0.18263292283696347,0.46488292485690963,-0.6725148863893124,-0.6470824156006781,0.7680844709625796,0.07219771516797456,0.11871706963732978,0.315789167598207,0.38312582022279207,-0.7893204479660143,-0.11221439447319384,-0.31703615505176774,0.15357610816432327,-0.5892797385488358,-0.06307642514263691,0.8111182973553838,0.027428893245174703,-0.8843131479245869,0.25635126722117324,1.0397054624897417,0.19604260457989364,0.6985510290263367,0.06693729197157036,0.8980372600525903,0.5095862578991541,-0.5095862578992394,-0.1317979762490349,0.47695471332649253,1.2226584065133774,0.1748911089031994,0.44577377729722356,-0.10323275475900137,0.3415561371276877,-0.01763351119212846,-0.06342325437348764,-0.04032954270068097,-0.023066069968314614,-0.12233221352392723,-0.09342975819184551,-0.0646667446369011,-0.007257274578810265
4,1.0,0.7638404551415539,2.0361871340858326,-2.2282978576886308,0.621074539313194,1.3023777788735562,-1.1646446167389335,-0.4701029628371559,1.1851274643209682,-1.1860787963963206,-0.921590553384063,0.47436380897330865,-1.9244566591482042,1.8811501244505795,-0.9612586339843951,-1.1243400922343012,-0.1934905644553995,-1.2438403210078754,0.8622117987830307,-0.27836973418059,2.158375587396129,0.6253250000232375,0.47573618525222094,-0.6692701506510362,0.16950610763341772,-0.5566053513281225,0.09912633258803179,-0.426670693099882,0.8121333744151734,-1.027261816150645,-0.350678414901918,-0.4621034722729194,-1.2558908382903229,0.11173966067516948,-2.4206276511022833,-1.1033761949074794,1.1033761949072374,0.41633413537736597,-0.8301759479061798,0.20190162079477864,0.8089354170940872,-1.1104366766528058,0.29123912919925726,-0.04897114344508476,0.7615798828146833,0.6853597302600792,-0.32134156892627264,-0.62631507890731,-0.10071754364789806,-0.12053488540052781,-0.7920446168464503,-0.8063948348969862
5,1.0,-1.0135538207403183,0.22243181632345713,-0.31763225995728994,-1.6900475349035688,0.47801629307650917,-0.9987603432887714,-0.6766748119234554,1.1549074689837933,-0.8002208849697967,-0.7116322943173246,0.7875332283780441,-0.22346660455131565,1.373432540248984,0.8860772690801142,-0.06383481145721953,-0.7159193952140148,-1.4300664778685739,0.881428280059904,0.005650133202682161,-0.48208812073436585,-0.07530484356684457,-0.48389697794515074,0.5441836920629591,-0.42209360171910676,-0.866328381128585,0.012730947963670124,-0.2238566333569721,0.9095059513797634,-0.3752229430162147,-0.8833688671453384,-0.9295260280258568,-0.2517279929202026,1.2694043035453346,-0.38655259372298223,-1.1033761949074794,1.1033761949072374,0.44098617298674647,-0.5024370834586511,-1.0346383045441996,2.3989876533250576,-1.0183207328268604,0.24650604410873436,-1.7129812704513807,2.3156124311122652,1.5661906912740462,-1.4970554621993055,-2.0995070520942853,-0.9980813569561615,-0.9814343519269395,-2.345849873481551,-2.2148990148759067
6,1.0,-0.6938928074834058,-0.6149431493985487,-0.23168864591073976,0.06688382263836841,-0.7724230229632856,0.3304109511758078,0.9337490416494701,-0.722789776669978,0.972275903695941,0.5405990751318286,-0.9010819844779523,0.36480954291058426,-0.8911117586784939,-0.4926147634540367,0.13014846162539295,0.28715994561846325,0.7716030529284698,-1.239752159375113,0.2944030209845148,-0.5663896627408734,-0.1161225072540628,-0.24668862876146017,-0.19222311887468138,-0.5854169943987839,-0.1244298214204435,0.8475192035050874,0.17815690212269186,-0.6758678200327339,-0.018965049717875448,0.8123629943728904,0.23300891900663237,0.7289676623434024,0.5552656254125434,0.9015395963348739,0.5095862578991541,-0.5095862578992394,-0.5173815994873454,0.12706535380672498,0.45257946168513763,0.32167456236193304,0.5585256570011311,-0.7766908296953029,0.5879471156013479,-1.0369888224427293,-1.9743346882654556,-0.6082803421637343,0.30897467874338713,-0.3841559824024773,-0.37100639748829906,1.0021747565620405,1.0273760329893729
7,1.0,0.03988122734991668,-0.40547912739914793,1.2787966148807983,0.23930089867967186,-0.759151282255573,0.5939803052000365,0.27796466969155437,-0.955066036180403,0.11310688705420696,1.056403291141572,-1.1471006796081347,0.5105968121663678,-0.8083025592357446,0.4328737280855366,0.44247122231723746,0.5306797436176081,1.0577266384163848,-0.6779276705414212,0.0786347732540152,-0.8137041803275264,-0.11479117213091825,-1.0005667972974777,-0.5801657188550216,-0.4219652521638222,0.6206240907691706,0.45153029396024136,0.4638676443504211,-0.7278586169278946,0.45651746703655244,1.4713489323604236,-0.42886413930067563,1.2748448416073803,-0.48275166975516953,0.8851953603509091,0.5095862578991541,-0.5095862578992394,-0.38111807029226696,1.6313919221375135,0.6703866580881914,0.11570396599591314,0.4580662754604678,-0.6120465085858146,0.34194186168259405,-0.6503711236410857,-0.622564649559945,0.23696438259846683,0.5017217179267895,-0.05360648801168719,-0.04979130175632183,0.7711757459455039,0.7645987167675277
8,1.0,1.2797491413214692,-1.5221917093481059,0.1773023982503821,0.7294393243375927,-0.24920567962379855,-1.0742632785617683,-0.8077468804016377,0.8460393337965914,-1.5934785208828384,-0.6040309470781259,-0.6475976899788206,-1.040937364986651,0.7925138572382948,1.0711045534888113,-0.49663265767632747,-0.44962669949401995,-0.7203586982465234,-0.1654730255216137,0.1163763652505283,0.6451577063401073,2.254457996236642,1.332102849141611,-0.6165888256760095,0.07730051711796422,-0.5476985926682253,-0.6151885468513357,-1.4318686199008719,1.5163528701238334,-0.7073893131081794,-0.5363590868267347,0.061130731928184766,-0.9071059844362892,-0.4613929989514656,-0.9134341340336244,-1.1033761949074794,1.1033761949072374,-0.512028261008809,-0.48219822927961675,1.059413659343739,0.5702129314326514,-1.2094123184231826,-0.06853319383479116,-1.1726364105228924,-0.7423248256761947,-0.3985036760274591,0.5839608143618809,0.7386376464297545,-0.7192180487571559,-0.7580391174115098,0.8904748484608892,0.8453469147233214
9,1.0,0.4102026678639156,-0.3937942830705797,-0.7584008580129441,-0.12143714660505339,-0.5313766037764818,0.5304705823980449,0.7866189760534327,-0.6974128896080503,0.8545354388523302,0.4288962512825796,0.21864740191779214,-0.7878824355129342,0.1385896482788035,-2.3574246706058877,-0.7126152407507065,-0.33910900588379106,0.7594518733553767,-0.37115678702256977,0.5345333130442094,0.5169514449075278,0.34208224316161157,0.5095828942534407,-0.8762682275251527,-0.16282172540178025,0.7313415338606184,-0.4597760077222923,0.13446347217402063,-0.9539020661799341,-0.4918723288138494,1.8292597098687393,0.49177311999375417,0.2856959261357475,0.2976788212545453,-1.3335346744736207,0.5095862578991541,-0.5095862578992394,-0.47899135175303176,-0.8560512646555355,1.326416907643798,0.6339258588760832,0.39391921608001196,-0.7342466187438598,0.9656414923596999,-0.8617344822812827,-0.6166361019752536,0.5231703289554798,0.7793452190086267,-0.14161693311532256,-0.15849033265056245,0.5971961134055532,0.5628237509612035
10,1.0,1.9971108116392768,2.0573305344160104,0.2984553656865024,0.20824059621298235,1.3038750095537812,-1.0617257443806425,-1.1906962280092124,1.2093443906069723,-1.751384960791237,-0.3718290481619386,-0.04377190171921127,-1.9551739390052048,1.379212223343789,1.2809326731974298,-1.2441031073080593,1.1693195920938495,-1.8802564085994424,1.7261663073661588,-0.7757537268738286,0.8474408128875126,0.5028408358754829,0.9282117049100184,0.30040037578993495,0.6256345865104324,-0.644512080108568,-0.10668119644276446,0.006491315532278734,1.7803655154341607,-0.577491849943723,-0.02193230723163704,-1.0219640707680873,-0.20752714738571743,-0.9616966465813601,-0.23444518965964067,-1.1033761949074794,1.1033761949072374,0.06283256267385565,0.7745693286117817,0.5149375023461338,0.7117233073066287,-1.0958773177501628,0.017108872746249667,-0.9883762794131161,1.7757302843360427,1.3763178642958354,-0.9719447132285124,-1.541102793189612,-0.049021732831906535,-0.05487431035396697,-1.4690304861047356,-1.4489551191232573
11,1.0,-1.1641464200690104,0.17961560845130004,-0.48834612610443584,0.04845418025403573,0.5365482640623835,0.4805758064767905,0.8051372350439765,0.2737708483459716,0.25242542296876525,0.4602898553709329,0.3088519106452628,-0.8021820410098729,0.35621580858161817,-0.11945516882262891,-0.8941975516245197,-0.1928404342530558,-0.8460985844011918,1.2105271541717118,0.01795149407732173,0.7969667669226825,-0.8972511810535896,0.21397512379494746,-0.8705969029482862,-0.23987122732328736,-0.48731414707274895,0.2933547586232978,-0.33510733399951464,0.06719075630342435,0.09059960702317837,-0.8128284331115047,-0.3654933145691,0.35058474387886684,-0.2635152582757798,0.5839944400748115,0.5095862578991541,-0.5095862578992394,-0.47482854582850303,-0.3414305682620787,0.011074329049427635,0.10030220573309977,0.4802492893870929,-0.03190951697465427,-0.3202066122525714,-0.20289033991618843,-0.0681634330553854,0.20054526126502328,0.21124412819082777,-0.6366345503844615,-0.643462677204836,0.3112900553628576,0.3294414602441739
12,1.0,0.4343082717047158,-0.25800642263988516,-1.3121126585795142,0.5549501577394806,0.5028388017222867,-1.1695644086327373,-0.10653606351097152,0.9938762786308286,-0.5877429899483533,0.6745262377641219,-0.9587851523857266,0.2285641773013449,0.12722256228396875,0.4745791991694328,1.3992980533250012,0.9238259208731899,-0.02064323813998523,-0.553386690620737,0.6428998683274458,0.21832291054765499,1.3256888974518206,0.514044725318067,-0.49409332529458766,0.4186592158983296,-1.4498357893893337,0.7712090975381803,-0.8516776378806746,-0.053471414431048914,-0.3332382272434245,-0.700732140661825,-0.681861838037367,-0.31963656469594537,0.30742804943167334,-0.5409734183804471,-1.1033761949074794,1.1033761949072374,-0.08730298457431573,0.7295215564068473,0.11411286451933168,0.7925735067313967,-1.3048881143034443,-0.2737497502366346,-0.5872177003464625,0.06252971277457935,0.10157720906485593,0.019126689739332233,-0.03742406651103805,-0.9778971765110217,-0.9840604751644979,0.029580811272884984,0.0748097133089997
13,1.0,-0.8187647359022706,0.2994402509342992,0.8305138955599164,0.666216220474867,0.04860595841135836,-1.13833960040383,0.1222324429902494,0.20869644868972054,-0.1726192794003629,-0.5599053525800347,-0.8415111094010178,0.9255358377467441,0.6358537309934652,0.6475323927083743,0.5413771233048869,0.6241718268821373,0.20716724422781982,0.16721963376775453,1.0478150023912836,0.19820669488140427,1.212778795118721,0.2171747125453571,-0.16906350427327213,0.09543483111714096,0.2580737076868866,0.7408295832177492,-0.795673906822356,-0.5794266420908949,-0.3494754101389763,-0.696166222499791,0.22682156325850947,-0.15207517753334343,0.05664292986023742,-0.25410926470965367,-1.1033761949074794,1.1033761949072374,0.7194891843494227,0.7504132768496548,0.6586305233938351,0.5449854742665265,-1.1283558876097015,-0.43776739458175007,-0.957076332239696,-0.26166902927870167,0.5733470357614687,0.9228857195149948,0.6210521179556476,-0.32923819026876405,-0.32852822951222443,0.4919927387619938,0.5016671012932669
14,1.0,-1.3052201188284682,0.6719722159211102,-0.24991894162432568,-2.4845946946263027,0.13839091167246367,0.5150937012153025,0.5314947350347774,0.14276690028249245,0.2897628078218769,-0.9662939211089611,1.3805953137827287,-0.993117002540481,1.060049880572923,-0.18203268248536686,-1.4613967363435714,-1.314563745636321,-1.6290932171243027,1.3120212139339318,-0.7819142664954689,-0.8515774011523101,-1.5135949236400539,-0.43288590875626715,0.02304722580975806,-0.4650162861470311,-0.5080648112938224,0.31965217071847835,0.6378244836100088,0.9330343985681526,0.22263906514700796,-0.8957777120189874,-0.8266920945598122,0.9382340995649453,1.403448476821135,0.6773900742689398,0.5095862578991541,-0.5095862578992394,0.22531608021057423,-0.8184925198482995,0.18793244309098725,1.3902232562487487,0.6869610688444822,-0.20775542130478447,-0.41176754939736565,1.8303882308601214,0.09221647591142,-2.3343117297722613,-2.2442057235142028,-1.1036478083934151,-1.0893379113491612,-2.0143633207629583,-1.8872665933944393
15,0.0,-1.3985696466301385,-1.0124143451934202,0.5271754080929941,-2.1198321039413868,-0.9442193309606719,0.543725133626047,0.5650678502280269,-0.8876678240356328,0.8494445645996691,1.280721543610076,0.17844554854848324,0.6463325291209393,-0.175640456511589,0.10483581435832541,-0.11015512396536362,-0.8292346133699677,0.7635791816784359,-0.995847958133855,-0.11695172427764727,-1.1561029646651553,-1.0387484841847965,-1.0934517449306824,0.08432658256833185,-0.5361176360337924,-0.058863390551480294,-0.15406558565369974,0.5699072550445679,-0.43150303895367925,0.6126705141439855,-0.6515381685690543,-0.3971787269348714,0.6969288085827522,1.5606850868034332,0.6855621922609113,0.5095862578991541,-0.5095862578992394,-0.025248816622232197,-0.8165157438058148,-0.5574647101984547,1.4418982025876235,0.6396278862618225,0.1555052576979236,0.2785945762252098,0.21901719689877477,-1.5261738164055143,-1.8234592832730343,-1.0615008264732189,-0.24500102110887717,-0.20614751367607068,-0.5031778173501548,-0.4129060336191359
16,1.0,-1.509377491843523,0.03386675675788935,0.7333121253005509,0.026902045748891993,-0.33425033328008624,0.44085219675450243,0.8621851483877301,-0.7138966781065622,0.45976010625905533,0.2564139497506614,-0.345981003320764,0.40730756965781134,-0.20294936784517964,-0.25778440955093035,-0.8204068056250488,0.43970221114631836,0.17805956374618395,0.023091955746423896,0.45676406752905263,0.1441181769523688,-0.14641038130619535,-0.10958360789916584,-0.34863294567907044,-0.5833789821478346,0.6198153540223527,0.46736165494921816,-0.09257511598033,-0.5697969515604249,-0.2629102897267882,0.18870730480895878,0.4160801904532821,0.37329583008897055,-0.08518593232024951,0.5729037085142449,0.5095862578991541,-0.5095862578992394,-0.08717047198386794,0.01702482077511868,-0.35262453103477726,0.10855642770145424,0.5588082431658197,-0.430808049115546,0.16160231495121924,-0.4453330791334175,-0.5007647798860606,0.0874510331930804,0.3020011915715227,0.14788950400929843,0.1655692412545526,0.5001369317701713,0.5112117608102468
17,1.0,0.8434408315103041,-1.1903191638375272,1.6612879273795922,-0.38751510852874926,1.271278808017049,0.4444161093203269,0.9022696853539185,-0.8074864998913207,1.0154363528380619,-2.9019286383005265,-0.29835306351540203,1.6882268190841996,-0.5839051737139708,1.038558189274563,0.3867149198152052,0.20754563374253884,0.2651543076477266,0.4033312593156939,0.8938315653651632,-0.46267024380911453,-1.1500545424260011,-0.3230480335642305,0.3745746169814711,-0.6650811554484434,0.2936352345704905,0.57314190609475,-0.2956028364630756,-0.8105456803051851,3.2094465239126047,0.49592685631833056,0.49705402205470506,1.007584023527907,0.3027922069450296,0.7596949769025342,0.5095862578991541,-0.5095862578992394,0.2081265455187668,0.8466118332711078,0.9969538612661842,-0.8468563178255138,0.6509313328488364,-1.129646150507498,-0.18453630630120704,-0.02912744487247534,-0.032306557753638276,0.006168970903489962,0.007495405927315387,-0.06796292749787175,-0.0684545609995167,0.029759475107303725,0.030901739314177775
18,1.0,-0.4192820606501687,1.3518671115042797,-0.2499906086345009,0.17582410329871864,-0.03541424476376201,0.43328388804730444,0.635761682821825,-0.7848980295402559,0.8063788694622611,1.6331695057879991,-0.148074779734822,0.42760788826116874,-0.6196054263087053,-0.23966986612218988,0.400390854156618,-0.3619012341410257,0.6252229720346054,-0.2316810551056314,-0.09092347780713746,-0.23220674316128948,-1.4303327955740401,0.19160865634339289,0.1302782057545091,-0.6006625899194422,-0.5267763529481467,0.9408032622157018,-0.11370173721281983,-0.8751524820110747,0.2647793177397181,0.42680245722870896,-0.6383399210521458,0.913089682689499,-0.2667111243323407,0.7340111774991555,0.5095862578991541,-0.5095862578992394,-0.05473408950700447,0.18307400834381465,-0.5085524000205452,-0.3420241749037159,0.7033510663954251,-0.2612457658508544,1.2087460821868863,-0.0023745032080960938,-0.47000309950356484,-0.4689753443235696,-0.25134522649912405,0.08545166926444146,0.10738230792048753,-0.054936189518318045,-0.02213291573384835
19,1.0,-1.9585952629571637,-0.35098182334415234,1.1832017816819473,-0.2910647963517512,-1.4068419895100446,0.8092966857210104,0.587234750729274,-0.6961391683944602,0.5421917833503132,-3.3418041374454277,-1.4756458405253445,0.9389154037336043,-1.6791624493559612,1.9403330966892574,-0.0034309490884305237,3.1079419036186473,0.5900572325442722,1.1995772088126344,1.1020378187614261,-0.3927540660639584,-2.2430377322545554,0.2600187051984176,0.14001671633078605,-0.23499737632004936,0.5425153280450582,0.6234019341365703,-0.09167306306715486,-0.35685164743033254,1.58049164868992,0.7954659190398804,0.6766046921274314,0.6681343957092558,0.2580500821533144,3.1763070116759584,0.5095862578991541,-0.5095862578992394,-0.2865541102901396,3.424327792670991,2.3811390912217862,0.46986521578049645,0.14241752952230793,-1.3425712618750107,0.9087441320529118,-0.41397466548899786,-0.12512665320353183,0.42320453532070856,0.45241380708649503,-0.22944935274962047,-0.2368060547618201,0.6064629202983731,0.5938016153876513
20,1.0,0.14327074060400102,0.2404446207995296,-0.8858249874520402,1.013764540012597,0.6557774840236935,-1.121318707480927,-0.09081876111692871,0.8931145372178187,-0.6076845296530491,0.2159094031446111,-0.838272868594639,0.837911302594277,-0.0018103200596142955,0.5887935722612865,1.8420987956335457,-0.20513446278629896,0.33300041481947346,-0.3687684583500565,1.240421011856236,0.42030876840352444,0.47015073370193444,0.12384528479462027,-0.24370841763913362,-0.15202772392212657,-1.3208230510151449,0.107594997315065,-0.9827378761731108,-0.4646177655717472,-0.007566730309680998,-0.5180954141783547,-1.0411493249221409,-0.20069610762128168,-0.16627717642548143,-0.3026910971861622,-1.1033761949074794,1.1033761949072374,-0.38320878492130456,0.6825151854103666,-0.29159087819384555,0.4953401409596424,-1.3397465793682488,-0.4082596261999941,-1.1705104850202719,-0.08592047914293002,0.518500000155643,0.6347627698820667,0.36432593296681254,-0.8206568447232253,-0.8262922775940896,0.2453610996826794,0.2779319018174227
21,1.0,-0.0012082676090338453,0.30991956420653927,0.24365937722781464,0.9748379182128103,0.027741324416017555,-1.170992735311622,-0.2636979640946883,0.2866055976919921,-0.20082676440950503,0.5927853823824102,-1.3212114082256343,1.4264561495621069,-0.23231609860052635,0.5754141742704888,2.028268702367075,0.3964076944940275,1.1170465211148366,-0.7841954888331686,1.634766601758096,-0.13379502438582258,0.46833166195724174,0.14137631160442615,0.15171126258684306,-0.3636599425400577,-0.2463823650631346,0.5843062407104538,-0.8841406225345484,-1.0957481152023003,-0.0998867130587023,0.46205501794959436,-0.2318804224244395,0.12197006478054583,0.4575191437206306,-0.20494907708460208,-1.1033761949074794,1.1033761949072374,0.15670803622626975,1.052690357007485,0.3464375341929635,0.34357220688609724,-1.2092723245875103,-0.7651091616673638,-0.4498606148891773,-0.5644090549808617,0.20457983630204468,0.9538632300699614,0.8165064569512447,-0.5274672741410177,-0.5250790229243049,0.701484901092724,0.7219489921147231
22,1.0,0.37218277079052786,0.6341975580346174,-0.9073448504176003,0.46314053083832873,0.7091236352208427,-1.0868008127424629,-0.643399291674589,0.7498822192126167,-0.9193324313504508,-0.3018429618063614,0.31847141979286925,-0.09864347973567104,0.6141967338265732,0.48959023106147753,0.5221571680434428,0.41876516441878253,-1.2881953967417603,1.0617021204504806,0.25703335821531714,0.532679517728768,0.5396796981687461,0.946787253446006,-0.11227730351920469,0.19538879058347236,-1.0778784528281207,0.8187006985420827,-0.6367805813683319,0.2563214694358504,-1.180587214635834,-0.5561447321958023,-0.200486370172392,-0.5157275885217247,-0.9325650417826568,-0.6045924847187055,-1.1033761949074794,1.1033761949072374,0.29399634041342987,0.11191007081441316,0.36385660904005585,-0.053063879778216826,-1.2500105307476326,-0.2671513087686957,-1.6060128652256869,1.1467364728269942,1.9768797703270704,0.4653208711483769,-0.45906978427149275,-0.5077858411552398,-0.4996139553411278,-0.961778996749571,-0.9006227376030069
23,0.0,-0.7285602913295469,-1.295790661088226,-0.006986850134930387,0.6728931883183298,1.4843711426650532,1.0233963816935838,-2.9408709700743674,-0.5636597665484923,-1.0922207048423227,-1.7939479210512288,2.5716673289182848,-1.9573396160943115,0.7518389346939816,1.3252903483284948,-2.118193985470832,0.5722931231081695,-1.0491883414706336,3.5997773214512243,-5.173964002209126,0.3215885135215411,0.04231423756755533,-3.3202796406927395,1.3197449487597188,3.379343299651458,1.6125895193091706,-2.8628633515698754,2.9748325053943265,2.0837510174800142,-0.5101102381336279,-3.032128888409316,2.983941333070135,-1.795122464235945,2.001450014626959,-0.5214976450066836,0.9175157154401745,-0.9175157154404948,1.3556251459492952,-2.7709879294698605,-1.8480557441751921,-1.592138605996063,1.1503514476784575,3.087432354928624,1.2318519411468851,1.4141158067515398,0.550862286342559,-1.321654161044892,-1.5069127564405413,2.784611201775364,2.728360061076932,-1.3988148726319143,-1.614478523793343
24,1.0,-0.46307095514248026,0.6134947118143927,0.056945758385938336,0.031079246319417827,-0.5697602327592978,0.5770417095220607,1.1208569916137248,-0.6536301572613469,1.029860496553978,0.8685892294734817,-0.5768527262683385,0.5226109618631518,-0.8412750885217202,0.024802467936972303,0.7497683551047761,0.7817291704214863,0.571953245138543,-0.3259067040861358,0.4897824756465766,-0.39730116587285647,0.30684480869185693,0.38518544598144705,-0.6253468502835398,-0.48676298276276664,0.023102424349631074,-0.14329666133478944,0.12960477515243926,-0.5820915294969653,0.9123345325810438,1.2271093889104618,1.016342724716009,0.5517400788825364,0.11807114887638352,0.666883065422089,0.5095862578991541,-0.5095862578992394,-0.6981309373108956,0.8261851474987315,0.46668110817536684,-0.023221645628079293,0.48689006425692527,-0.07840749515419813,0.6451417960487927,-0.9216000017014027,-0.6264890086949985,0.592649365213041,0.8521941951796592,0.12769448213023157,0.1517043303534164,0.8545427792652199,0.8710793736304748
25,1.0,0.03668530585627225,1.7298688949979286,-0.1819920535416581,0.5366037818117108,-0.91268066702873,0.40477258752080497,1.247717450294079,-2.925260304367534,1.071634091627222,1.1363474689944637,-0.03477391811129651,1.342990987116029,-0.4000819653054817,-1.4115161482922096,-0.09216515505120383,-1.5023618982216684,1.231192136077546,-0.8364838259244242,-0.5648248880728238,0.3649163795962326,-1.5484995243289228,-0.5707602221296314,-0.5815046061716053,-1.0713012329872464,0.0743362428726895,0.14336570806514795,0.22630639603299388,-1.2014811160006356,0.28561533152167157,0.3791834267447561,-0.8284523952468232,0.6612399588240292,-0.344690256112183,0.4450684342110288,0.5095862578991541,-0.5095862578992394,0.056110964002152604,-1.2402047422449467,-1.320578318481241,-1.6249074723309722,0.7988651900543241,-0.42372143733398343,0.4777786860097138,-0.25847693627835644,0.09098197960882945,0.43411146564949543,0.36500125436193137,-0.35932487999337837,-0.4129621174873018,0.17996513854908233,0.10192786058602185
26,1.0,0.3220061485659368,0.3115938774507293,-0.06570773681475268,0.6502100537703069,-1.1692746433757957,-0.8926038756070516,-1.4646230107516391,-0.08863022877683609,-0.8120724553591911,0.3436934512895035,-0.013611139475046266,0.3078041536173525,-0.46279013375393946,-0.46655926558716576,0.5536772191346987,-0.2702921100016353,0.24175146012580032,-0.8129480715138427,-0.12579520811391062,-0.6731782899263077,0.9406612610080997,1.2564825463752032,0.5652179507878267,-1.1291174447673635,0.7226839271923791,0.2713371116901476,0.7468346816992044,-0.479738177602592,0.6457602142789356,0.9067516003597306,0.9402847558627416,-1.1627366767536251,-1.2906076988778343,-1.1148309894303277,-0.7029229592167101,0.7029229592160349,-0.0708843774184561,-0.20545965271905636,-0.836977369373202,-0.9490147896273452,-0.4573318866611432,-0.6324243020420249,0.3918512557630651,-0.08555001848742447,-0.20483728216359237,-0.09232824100417625,-0.007357413483674277,0.34490347099818675,0.37618343048602904,-0.04066728943426081,-0.0071575344052086124
27,1.0,0.43081090611526246,0.5425655981018025,0.16265255959305397,0.6083969182254396,0.8687197829747243,-1.0470853959225157,-0.24855907622616455,1.2084177805166876,-0.863958705861928,-0.47888786759992813,-1.1237666487985658,-0.5852538537076625,0.794728879308795,1.3618617147024534,0.08114108340726202,1.4154354563550748,-0.7087037887638935,0.5460492658839764,-0.43760646189219166,-0.08817630351049814,1.709906635916949,0.4276317252137358,-0.5949381089146765,0.17046878377579935,-0.11082910033737371,0.8664517875532461,-0.09771781882808776,0.8224040714130635,-0.7143481057776997,-0.6352873136719436,-0.627794303603277,-0.25293347052570153,-0.5956516993280909,-0.5542755867966059,-1.1033761949074794,1.1033761949072374,0.4041376845911157,1.7003336907365212,0.9657144940748654,-0.1772257360608539,-1.2136121334911731,-0.24682127173521448,-1.2774451538170644,0.19494215457019448,0.29413638386625357,0.0369846413955087,-0.11081328106952217,-0.07612586793055531,-0.0754494064032602,0.16693857083225114,0.16792572880242615
28,1.0,1.3779589480165892,0.19063488743737514,-0.592082630271846,0.4174213441607318,0.6022381417710297,-1.0797782065716104,-0.5646681760732404,1.1799259414215146,-0.8142478143533397,1.0452535685882491,-0.12045574837945795,-0.6954266655478369,0.942820367544247,0.2764988435502909,0.49560763106602973,0.3603975315644858,-0.9315831327646699,0.2360901360396038,0.92620663337818,1.060994300546132,1.0344352992062682,1.194000138749442,-0.3752396506804847,0.36094560716724244,-1.5275892927078352,-0.9498963021870105,-0.12241699857360173,0.6907958377888326,-1.299350609529049,0.7816692892956494,-0.4272211919928666,-0.26780102766002645,-1.0490914609774615,-0.4177837717435956,-1.1033761949074794,1.1033761949072374,-0.6741706633099593,-0.2856854838638995,0.578364603963642,0.4605315619682934,-1.3254672081368657,0.2989883253569266,-0.9651164630761149,0.8779041390897233,1.0234707821297313,-0.13593899634035558,-0.6067577505662575,-0.3400256068083475,-0.3297765963737201,-0.8511481273253846,-0.7983856096744565
29,1.0,-0.6225635172902909,-0.19688995680379803,-0.19810028743261746,0.8626842749952881,-0.9749021200679742,-0.8006224349039903,-1.9369999778305873,0.04773006943520335,-1.2205605918795848,0.28895314618625123,-0.5958550621433526,0.8807719002691271,-1.0053210190765542,-0.020751017542510363,1.4760199217933248,0.00674067253906983,0.8935742761758235,-0.5882045259013432,-0.6054481348138351,-1.1899315493212432,0.7855132951690316,1.8061482823337487,-0.048307022266030515,-0.8197315430582056,-0.3141162955071512,0.32051723334625565,0.32164431329764126,-0.981448682572067,0.42628566575255894,0.539111023921539,0.008530021492100685,-1.147834862575198,-2.3335101035891395,-1.0939622299234666,-0.7029229592167101,0.7029229592160349,-0.5690663187401593,-0.07982050443359269,0.4022427904861639,-1.1256536341107863,-0.49704142843938826,0.33911296334657404,0.07051095908965295,-0.412108101841175,0.18832742463834853,0.7355967371580725,0.6119881307689109,0.7603644858605071,0.8037787539985379,0.3150178816685554,0.33840090925911825
30,1.0,0.07498866345701855,-0.4416312791407461,0.15265705047633873,0.1853442348315826,0.12295638777963462,0.5496115959539103,0.8688369025265132,-0.8598467692395128,0.6741453488993564,0.5314730274317263,-0.45853109576597545,0.4534588267271721,-0.8939107580420859,0.20430112554879262,0.5886221152224148,-0.43054704782123815,0.675027989772402,-1.0985117249334992,0.4950965759675543,0.49506897889557905,-0.6425903924529124,-1.0109949846697888,-0.20001013803198114,-0.8578076007919876,0.10698294077943696,0.04824213998911133,-1.0148758263004007,-0.5207793532512067,0.13461275973111464,1.285481103697242,-0.5872912011295159,1.110189466584211,-0.6828128848952626,0.6376969297364375,0.5095862578991541,-0.5095862578992394,-0.786423210066755,0.795215656166491,-0.22457583136222725,-0.475337438312807,0.6673213303997371,0.29772390999270165,0.6500257331630848,-1.5193699568098031,-0.16150022598526045,1.852331556047004,1.8763291481567126,0.3326462785379898,0.3431886863464186,1.5732016909319892,1.5400847892311587
31,1.0,-0.10064391772058437,-0.8039307205293803,0.9101191185934915,0.12497605382870834,-0.1954704627788468,0.4034511367943011,0.48017238221556224,-0.7025077744624499,0.7269922415221771,1.5570582679691518,-0.5616200684731558,-0.5931161148852775,-0.14134875452634096,-0.560791317812938,-0.7694834078333381,-0.17174072780033658,0.43110611424650647,-0.810118088395753,0.8726540375550389,0.10170869995894424,0.07019999054840165,1.0093096109832056,-0.3662532080058201,0.10822600470203966,-0.07630307270658235,-0.3409713176267348,0.26075475148960336,-0.13120998177097334,-0.7168544551560491,2.108829501742202,0.36679177121763046,0.7614120712149829,-0.0008150684273033311,0.6009223987724812,0.5095862578991541,-0.5095862578992394,-0.7951593419847653,-0.5470152766804576,0.7986171494460329,-0.03365022452155069,0.5612102255655562,-0.4810998788695463,0.34826186858256025,-0.7255526165819942,-1.1255355804450575,-0.16858966750190024,0.3429663316733452,-0.2515331183440423,-0.2510260476619084,0.6320538126270014,0.6340550784357858
32,0.0,2.739560197254696,3.794490361324066,1.807662718552008,-4.592153731537842,-0.5563949896112563,2.306898172794909,-1.8961860984577008,-0.2044443643395717,-0.2898894195887642,-2.6577523625063306,4.372985180477457,-0.7836650177549813,2.6497786548972586,-3.3991038622949983,-3.4390625756852473,0.17351713698111304,-0.7376939878212246,-2.4191695576763332,-1.9128139837799552,-1.0281404251658457,1.6604329766742696,-1.4152157943993111,3.4987533226769383,0.1366691567814457,4.303589689407763,-2.9398218064141037,2.7359150854004652,0.6328901989132686,3.13757233717199,-1.5286140139417734,3.521044478096897,-4.189996980806797,-2.272896207502976,-2.4685349616491745,2.152768147760227,-2.152768147760867,2.3708153827130825,-0.14282244414339515,-1.872392018226643,-3.517970166496801,2.1560726027365953,4.028308544541309,3.225286964032495,-0.6278041942949159,-1.2053074965497905,-0.3783285554622884,0.1783569956672291,3.411667493556344,3.434032902767083,-0.19365514376372464,-0.3398559084961531
33,1.0,-0.3994404506365198,-1.3526178841558074,0.26038815518122455,0.43561680641255873,-1.1555885185123438,0.9518910854357512,-0.08078152670019921,0.7495598198032715,0.25562494182919376,1.0164882134222053,0.516166921450561,0.05513139974407217,-1.4883471198231049,-0.060948149300850775,0.7765055276831786,-0.2669053651863409,0.5590002868728698,-0.132312309074001,-0.9179003174498502,-1.815318700901939,0.11589772578154232,-0.7469186433112097,0.3400383669599098,1.2084840081297457,-0.5978067879987443,-0.9805670970727649,1.821649868597692,-0.3654679855488141,0.3898030404668599,-1.0934330320989476,-0.555261114503314,1.1006801918511389,0.6988978284193891,1.0567023461211669,1.327346942014135,-1.327346942014253,-1.0740506637708014,-0.2925702553735362,0.27362794925650596,-0.05594734459690288,1.4742342668572372,-0.41814233365932746,1.335805596878019,0.07033388485094606,-1.0135216531065443,-1.1113522489652192,-0.6185201989655263,0.0941129290938679,0.11771164438106772,-0.2585568789359846,-0.2194758045365525
34,1.0,0.31023477601741917,-1.0038767473108896,1.7135958447650923,0.5218164982467494,-1.9175702049369263,0.5214821099432815,0.494836422570143,0.6224193269157314,0.36476372762335946,0.10136664399928083,-0.7208942195162946,1.1191831220963002,-0.7934338769015952,0.3385578492617425,0.5555729145228622,0.5155127370846905,0.4709901384183096,-0.7646001945941485,-0.6341115895110129,-1.4022413507696345,-0.188865215188778,-0.8706963065767652,0.8532096926703191,0.9751669317623196,-0.9190140609426687,-1.0515231422698588,0.004437429097287059,-0.06942089774448228,-0.7037022318759147,-0.33924592213945615,-1.412929535441949,0.9247574089148232,0.6874570506567929,0.8464198822241796,0.9175157154401745,-0.9175157154404948,-1.2430019322678865,0.8192603018120378,-0.12898533182848415,0.3919748061363018,1.168054156540939,-1.0242015527259285,0.9922521224306212,-0.010754071678515383,-2.59277783332737,-2.5902169815620293,-1.3204028777740633,0.10958253483785525,0.10890857728955171,0.03224784993401991,0.022698180685569634
35,1.0,-0.49817839124992447,-1.5661470228049341,-0.32894077871991234,0.5466373898266792,-0.7529861956673687,0.6505624226775342,0.2846669434819927,-0.7968319940640626,0.6932210528460834,0.5730878049441874,0.1533121222165545,-0.8626519888021452,-0.168439312231322,-1.7487760114012483,-0.7958568356853035,-0.5759304843741571,1.1645963333257465,-0.026931613712662787,0.1799773283566805,0.3974762167015494,-0.9707322905937495,-0.4122289802182123,-1.3624485266067663,0.11835287177845813,0.2938598836668274,-0.5970443833466902,-0.9972490155121396,-0.9598484633518631,-0.42140446197826165,0.981333747702976,0.618514769456889,0.797100920973687,-0.49873100003792625,0.7801252718824929,0.5095862578991541,-0.5095862578992394,-0.8766873034115296,-1.198692445352842,0.9027865105948198,-0.20236294617040382,0.5749156545521797,0.21421210200370885,1.322119162518487,-1.3034502467071851,-0.5224031195648344,1.2035090945426266,1.4037214725272218,1.0626441182473216,1.0745431530238068,1.0942346373411993,1.030741476248349
36,1.0,0.14568053887940777,-1.0369882175342058,0.4289423330820371,0.3303666466660483,-1.6904154479335134,0.2288194210694798,0.7094866945168611,-0.786418462520453,0.7929108797938443,0.7698453933583779,-0.2598292200618292,0.875625613816402,-0.5403566355148547,-1.0060797308241956,-0.4342414119200112,-0.17633984182016155,0.34348919421930235,-1.966005003372186,0.055051604482091704,-0.3643545722654906,-0.7064193223501106,-0.07032119751923697,0.6163321947119298,-0.6280651654951748,-0.03670607737342709,-1.8028164936742335,-0.5962613310416618,-0.2760127885794736,0.16972963689171264,-0.4487732645728771,-0.2721973781587476,0.7950731454192139,0.21778216984077067,0.7328437320717349,0.5095862578991541,-0.5095862578992394,-2.0157056925371912,0.4940867723613522,-0.32852465965116784,-0.1349527665402803,0.8093208781470821,-1.0400233665916427,0.7185813343789802,-1.5588319186431452,-1.7599658350576026,0.29897725489386745,1.1013230890176353,0.5033269015792442,0.4958597588977473,1.6360291957814546,1.560073271450522
37,1.0,-0.2672849884279994,-0.8024015138160776,-1.091406099985017,0.49696894849120915,0.15646028530567532,0.40481263148228386,0.9810129824498386,0.22474405658831803,0.6636448823781702,0.7497680884181568,-0.45121313641273514,-0.11442366002075502,-0.4180933112508299,-0.3743761981648269,0.4205674900793269,-0.5444065181859226,0.19271083793177765,-0.46335066164036204,-0.11533481805744013,0.6018896789370712,-0.28776810898088023,0.5752861731620912,-0.6481963517524316,-0.33560250821181953,-1.0711114817764882,0.33418563091065107,-0.02498309104023617,-0.4538422067076711,0.36521358641901236,0.14416046984006858,-0.6999504450967432,0.5213234455654441,0.1698441789925214,0.7684508176082706,0.5095862578991541,-0.5095862578992394,-0.8505570388964881,0.01570697008011201,-0.024042508606178643,0.46700578913772495,0.5507545374727559,-0.5922166747692946,-0.1784734396354984,-0.6382755304808176,-0.8498973025147593,-0.007430974648341667,0.37261579758250385,-1.1193032762709005,-1.1340822256358902,0.6821963794672311,0.7082052195906829
38,1.0,-1.264436344546527,0.4558212447049614,0.4633201020259741,-0.3286596014866414,-0.1538798599153419,0.4845802026181641,1.061243802623233,-0.7125082072340843,1.2092470554571837,-0.4032167780126893,0.5463112251044182,-0.060301140271957925,0.23267404079260864,-0.5542042111116113,-0.5961437197171039,0.017732004662248346,-0.6208946060503753,0.946264641429277,-0.001727437723947449,0.006552142273021729,-0.16907528812079956,-0.20486191001128815,-0.18649495474192768,-0.481573160867911,0.4772703181908352,1.0401127162520725,0.20321306716148574,-0.36319982819494195,-0.06695811517067761,0.531257104741889,0.7153313072411647,0.6592121832695561,0.5961727109363999,0.6312759798855805,0.5095862578991541,-0.5095862578992394,0.5417985817853677,0.001210612435253082,0.22391696804686861,-0.1048075856366133,0.54693962424964,-0.4334643010427596,0.12744328966917406,0.3629492283334857,0.5376149990247154,0.05879937485190692,-0.2017427088126954,-0.3224991511072315,-0.3089357842672983,-0.3628048583634,-0.3146142910189694
39,1.0,-1.1621682274549012,-0.28730098654307307,-0.519920747033953,-1.8513365754233486,0.6538328635307045,-1.0993780226643162,-0.21723014332265173,0.9719673504838193,-1.1019172200951655,-0.41052936464796896,0.1772986745274506,-0.4156304279463482,1.6179559559312722,1.141917464805753,-0.17255204406512004,-0.3474092713988004,-1.0520104389220624,0.24583738381993764,-0.4199058944046918,-0.6160577478739504,0.3279014508304784,-0.42478269430630494,0.00044408715670222776,-0.09562116328679163,-0.8615103075282402,0.057073388389549076,-0.2222992693289149,1.1160345406243253,-0.38287761495269695,-1.4373669374784994,-0.8440644413397029,-0.07492461078222397,0.9920207622011769,-0.4640521836259862,-1.1033761949074794,1.1033761949072374,0.5175743207003355,-0.5514020532466151,0.23030358600885062,1.3562955383236455,-1.0381998574823432,0.06294653683327599,-1.4440158168177621,1.6320176634134205,0.32646594625154846,-1.8359822412070603,-1.881877839966688,-0.8720403980356035,-0.8576789432369707,-1.708253963643198,-1.6006319616337916
40,0.0,-1.1461522541934612,-0.36879080219100063,0.24951872994398003,0.46666997751642203,1.9175062719964604,1.9135319376229643,0.24446829138359913,-0.7213313165487928,1.0722436931668597,-0.028571623832987343,-0.5742012889913043,2.435452062431129,-2.9185064957731064,-0.29184575346699954,1.938318945902926,0.5025881212124365,3.032626956475971,-1.6273807479819098,-0.2538507133472777,-2.8975822727577856,-1.4651417454334807,-1.1849263229602682,2.82714083669814,2.621625967057832,1.2859496672168067,3.9272867635904367,2.5148121673261667,-1.2665614215479684,1.687629849557381,-1.0684307931510382,2.220865485455819,0.8763784171255238,1.579967807608197,0.8994079173593673,1.7390932677777056,-1.739093267778583,4.095372693127465,-2.751282216297054,-3.060092835750212,-1.2223452679600715,0.904667628925965,2.4487023787575377,0.7406699081875834,1.8506203665302057,1.6912959313712002,-0.754843048569022,-1.4717697131957628,1.1867406851248843,1.1713533037949106,-1.7982533891163133,-1.856114441650219
41,1.0,0.12059017013969314,-1.1396208994570707,0.560836506935147,0.24345034376467953,-1.947717376326626,0.5110092171511148,-0.07016063678797692,-0.6098416874316951,-0.24641134178920981,1.3371205183967025,-0.9472359277312734,0.7192651294183342,-1.9567985224501503,0.24053021240612574,1.0408989768902956,-0.9398346336164227,1.8552264771386238,-1.8350823315844416,0.5739503317523649,-0.9029437249871017,-0.4144811503007182,0.1351083952523915,0.001340830964943725,-0.8126553603795086,0.6212116345595717,0.17112492881343758,-0.918526509347307,-0.9870090342183021,0.14608427293691345,0.3192756142004375,0.011211032446199969,0.34855696832439,-0.45015383597834036,0.43281025722304156,0.5095862578991541,-0.5095862578992394,-1.0308640744522644,0.4057907757970658,-0.198990973294905,-0.3342672070893249,0.570111689752728,-0.44713978920068326,0.8806287864125667,-1.8077561591922489,-1.6078887403704534,0.7817937616271136,1.5075227186718532,0.13614619457736576,0.14016489182715902,1.8294916401484043,1.7914508883525229
42,1.0,-0.5729486441004166,0.7729158437390312,-0.5777283253586538,-0.2542610225541429,0.12938829459467835,0.4527452532943782,0.6239456976217194,0.5230931696834291,0.31596659712242403,-0.878683863187985,0.7823373456838657,-0.7650326488178879,0.3301638448199842,-0.6210633441302867,-0.9969783134556018,-0.6660647462643067,-1.4194056317834225,1.5194988448621491,-0.02249087979482317,0.28253724466423363,-0.8956621681646096,0.6183095691517134,-0.6447480853615899,0.1939252097816403,-0.49704318101383943,0.8790955175370718,-0.13501031761663843,0.2737878796688419,-0.22943220016702565,0.11343851468912568,-0.21938835754915612,0.20255712840237433,0.5054101149303499,0.6698016789906841,0.5095862578991541,-0.5095862578992394,-0.09769236620170106,-0.1285976810212262,-0.3792799874838573,0.6937454069198823,0.4741736868467222,-0.41433894036420754,-0.32307276138513186,0.5539329210361538,0.25144414126015124,-0.4818900680324674,-0.588430258241532,-0.8892405396031656,-0.8930077229009722,-0.4934225505593561,-0.4393628089346461
43,1.0,0.33793668185531317,-2.038618614755267,0.22418072663221775,-0.0023799914732092623,-1.4321411650597984,0.5800049626668036,0.6342909996282938,-0.6668493179646438,0.5387892531814068,0.213156483652177,0.8866891611118887,-0.8559005901440754,-0.29124795488389904,-1.9631863345301759,-1.0192823169425087,-0.4281129263568711,0.7652684920093714,0.11950826992999738,0.32419747584592157,0.31022105820660184,-0.6968745084428579,1.025892138444102,-0.9511511846606946,-0.23528964939479938,0.7184501318711768,-0.4221778615788148,0.6250176551260274,-0.22723626042589823,-1.1335747307950799,1.4252659996339805,1.1184401645612687,-0.7833473461820819,0.34178177283495376,-1.6563333351571194,0.5095862578991541,-0.5095862578992394,0.32818512605828726,-1.8978122390448107,-0.5712294358401158,-0.6415546539418919,0.598511599302142,-1.2518542471696807,0.7312742039056344,-0.2793489663153897,-0.4705466261856184,-0.10227610320480131,0.10400820861691346,1.5480114097614892,1.5784727499687978,-0.13093114072748094,-0.16562434125806716
44,1.0,1.298133941516324,-0.1809135200127671,-0.07804238120692662,0.606939404304289,1.1673016432443593,-1.0441097153417491,-0.2587091388125247,1.149614990492642,-0.9591557672211765,-0.23565457005922003,0.04849471546306202,-1.5857314009992858,1.5644647422768736,1.178792390975381,-0.75249968914463,0.975064999176883,-1.8879366233964217,1.2035061530208142,0.5214575642410936,2.404844891004267,0.730575852904675,0.5297972421616722,-1.0489649027784291,0.2856690288141608,-0.6743040064219245,-0.8671425757871163,-1.0166469845673223,1.771926027978504,-1.3220826655828297,0.38291243647343876,-0.7010470921914207,0.21037175584956547,-0.5196562085488785,-0.12860619747867885,-1.1033761949074794,1.1033761949072374,-0.250226075188967,0.6276744192478142,1.0182584787650977,0.5871067718768351,-1.0456195307692102,-0.44928970352995146,-0.7813158036315105,0.04509531725457049,1.052795239912714,0.9977527701243312,0.46671188087351545,-0.7242384119519969,-0.7565311099456564,0.17816896098328108,0.15901599580748607
45,0.0,1.0860645757221217,0.5911435601808044,1.0113971435865128,-2.4378758627766604,-0.10152194511272845,3.608929070672073,-1.0157940170805506,-2.518801911116771,0.42752980785758693,-0.6704300375153553,2.7526429839454836,1.325024111202468,0.7110981013694053,-1.582547111310652,-0.8427642695190076,3.021091903049444,0.47257248718743616,-1.0138324669514338,1.1528951651630617,-1.281233347330367,-1.1839482845840346,-0.9208153958069326,1.1701198984044854,-1.2233864254158826,1.9073063954708984,0.5902213312026875,2.255785548095917,-1.8014668292236566,3.502331218170767,-2.964347092007578,2.607417901556577,-1.4561470146916702,-1.2832271753658182,1.3314513749847885,3.405500567330494,-3.4055005673308196,2.7393002253429426,-0.28126477857263926,-0.970914385910174,-2.202435515201164,2.8690974307294126,3.2626248030518745,2.3930031403813006,-1.2231891301492117,0.7096728204371145,2.3347239228462118,1.9436166883096382,2.0852874670980914,2.2019240306620644,0.7506187353206105,0.8134263159182303
46,1.0,0.2652059192724345,-0.9905869695108098,0.6141347578510058,0.37053339631994414,-0.8314275972117254,-1.0915222259307609,-1.6566869917684623,-0.19026320006099315,-0.6713754091934288,0.37975279910883664,-0.8286066591466185,1.4012936027629463,-0.47439581584480056,0.43444100519721224,1.2185114966895063,-0.1781135078811052,0.9808113263311655,-0.10802790544176258,-0.22541455959478407,-0.06374819116236966,0.9925328219978251,0.7765584423943226,-0.5245920517381352,-0.23336994463574318,-0.08896114155148532,0.819672454650937,0.7638458812962773,-1.1165283626166786,0.3266872775831343,0.4818406633186046,0.2582156155105734,-1.539981727316598,-1.3245751150521576,-1.078265351364609,-1.1033761949074794,1.1033761949072374,0.5386876753157547,0.08318395520550878,-0.9321144754165771,-0.24824691064187152,-1.2654098526639073,-0.9689433528867525,-0.4822660602230421,-0.04301876885911323,-0.17782290141322252,-0.12158632398492279,-0.04576697444750779,0.44599121599669755,0.47061708805406893,0.18064228569819266,0.19250852705699645
47,1.0,0.5973240471594192,1.1633212323556843,-0.3793921865348831,-1.6710470394840817,-1.474024894203204,-0.6029796505142245,-3.068610919228234,0.7524197151802196,-2.7451358552882237,-0.41107022569709883,1.0996495166974696,-2.104252869480809,0.31125066204919727,0.35669778527733725,-2.192180099101127,-2.6653273476557047,-1.3373034987568306,0.6898074250592818,-2.316176624162986,-1.144965113641601,-0.06698484658746776,1.078334936285888,1.2486176117932228,-0.8639990103708861,-0.40629622235019663,-1.409511402862523,0.6376871980110895,2.2986223983503278,-1.1025963587278205,-0.10159039559702493,-0.998394419403737,-1.6291231853647017,-1.9526571256057066,-1.4220655043923887,-0.7029229592167101,0.7029229592160349,-1.0014404345009957,-1.1660756406517108,0.21825173185581104,-0.1728048435286769,-0.13783143920890456,1.1734701229256939,-0.7791146393568293,1.730680855910078,0.07007464783408891,-2.224348275408731,-2.132428872691441,0.41480233871477973,0.441560058584644,-2.0208912692191516,-1.9611169141599456
48,1.0,1.5250846112705692,-0.1290765542594372,-0.47319748093747765,0.9056610074834976,1.5092726893895452,-1.1115981509166997,-0.20827027985597246,0.985855132389151,-1.130568514248181,-0.32770345366384407,-0.36202709757152174,-1.5155920624452224,1.4607566466823885,1.4006946015537305,-1.0263895598225767,0.8672063541805278,-1.5851837446616792,0.6283883878550102,0.10211431859948368,1.8594830747934026,1.267202017611284,0.7861002895146326,-0.37488297702286305,0.36060906184917624,-0.7838766567868256,-0.9496774143441433,-1.2986948161417848,1.9783749994169222,-0.901075709076605,0.02068292894788769,-0.5475650589590898,-0.3353077735672645,-0.7159778930618695,-0.7717371226438189,-1.1033761949074794,1.1033761949072374,-0.38400325008733127,0.5395374736294918,0.7421679818756034,0.2865693174134312,-1.0856577677512036,0.0012820620831616276,-0.7245183309352065,-0.7671294140029915,-0.2410647593925654,0.7749984191416042,0.8561864145161205,-0.23201370654832726,-0.2547252140247329,1.0137396152854947,0.9661134095160173
49,1.0,-0.8836208334569552,0.06627847953522124,0.22566781709339334,0.5995115897395356,-0.3037148107779835,0.3915180362930423,0.9901626526997884,-2.817166125699995,1.0041692402788438,0.5718101582661774,0.5398613426131958,0.24801909352135282,-0.11496756327287692,-1.0594352951050812,0.641280021759912,-1.5337243870646031,0.8769358564841445,0.08091469900714075,-0.8667229695787004,0.10127495434919503,-1.010586451700215,-0.45359982192477954,-0.208075039462534,-0.9091291728633457,0.14378737503823685,0.21842303499568105,-0.4333498006287466,-0.9395985702798708,0.2432409664145543,0.3761112312296503,-0.9059056254742406,0.992172929313926,0.23312232691220863,0.7953020624390427,0.5095862578991541,-0.5095862578992394,0.24213018767804564,-1.203963848132793,-1.232279304792467,-0.7933319331918474,0.9274418949799242,-0.21982795002344444,1.2494911765053784,-0.20636719891417354,-0.5089535700574153,-0.23762485210853249,-0.010204291377210371,-0.36888380785987246,-0.3989035491541678,0.03308043404088075,2.3689596537927857e-05
50,0.0,-1.8478907312889528,0.1816869393362294,-1.920162537035533,0.4634696987019389,2.961497895384946,1.6371871564977638,0.38867279437764274,-0.7101341359912874,1.114960672233183,0.2965711183360725,1.383204530303373,0.952781422328906,0.34746004853211054,-0.12966210612245085,-0.14488691586759245,-0.5627791495099436,-0.5749727522580812,-0.5974790485472141,-0.061916997516473914,0.29956663272892287,-1.2278761376023675,-2.7734317453629296,1.9837585165562523,0.8385295449593029,0.6195919807907844,0.7157113309474195,0.04963252534926979,-0.501139457792643,0.9775403377611069,-0.6569647569087941,2.135778801782024,1.1279514538592748,4.267220741631092,1.078103442690155,1.7390932677777056,-1.739093267778583,1.2036141853774418,-1.2184956153173225,-1.5373553793936166,0.8294950754530261,1.4023751524459351,1.5205965313570866,0.9994016738237338,-0.26800367183627344,0.0722664219922105,0.42794373250445533,0.36765993624397375,-0.9732828531689609,-1.012984270905328,0.2002014348834824,0.18217816347077076
51,1.0,2.221911074173025,-0.5809962792193774,-2.8435067592929886,0.2905626324953107,1.1213704697962592,-0.8873508623395364,-0.5974653920029995,1.1300026910356733,-0.874857634260322,0.25876909943988713,0.3615448738144403,-1.2690627665695382,0.7279901298097733,-0.7958109563913777,0.05026577124868019,0.16072689637048873,-0.6952135980941109,0.14845869396790665,0.8199836914029816,2.4220029449934226,0.8599320658659744,-0.32055636422291345,-0.5283465112921266,0.30654266516971224,-0.2136317922745347,-1.1688706410560465,-1.6065273792350099,0.44055707294852486,-0.7983175373232966,1.244348996387097,-1.0184758427400984,-1.0561833816480846,-0.6589812749774431,-2.3656839119919644,-1.1033761949074794,1.1033761949072374,-0.7792985452259051,0.2836138982043312,1.5949766233279412,1.10092303959089,-1.3440863882719536,0.3255162084852914,-0.6620034062067834,-0.4172322906312102,1.5764942068557217,2.136823436279194,1.3303631800128923,-0.35609964876985944,-0.3885264806806226,0.39199184099016215,0.346816206379521
52,1.0,1.03772199017395,0.6628427740624702,-0.6523284829750616,0.3846135308035198,-0.6833491951490009,-1.0219309760788091,-0.846817669261479,1.2995211750376987,-1.4446018900938473,-0.6224768923191302,-0.35195459199211854,0.11912569329234168,-0.1824915535657467,0.9549322197154807,0.6157452039228194,-0.6731302909662765,-0.4131780725559556,0.6001682632676706,0.7068153280793763,-0.426552753752601,0.599570773742049,0.18541560600585186,0.015055192254301235,-0.24178357758745336,-0.2137927371637946,0.34366906629578553,-1.5986446622949524,0.35910805722100286,-0.7301213691619557,-0.6596388772030739,-0.4865210684689728,-0.7415537266161615,-0.2840701871332755,-0.9325198539351053,-1.1033761949074794,1.1033761949072374,-0.34656432515212166,0.8326744260935401,0.08407038363630724,0.9173847644439308,-1.1703540382903244,-0.04410843218895968,-1.545177731262128,-0.22380149606404878,0.7817414504107749,1.0820108773997124,0.6723992009821392,-0.88746922113954,-0.9132550189517531,0.45754378086322517,0.4541782606336472
53,1.0,-0.11494354182050845,-0.8308579506868575,-0.5972040825016252,0.41194879189075306,-0.20417691176396272,-0.8260518423729273,-0.30361412803019827,1.3138921585238594,-0.258022667825252,-0.3911792064049559,0.5971713626993828,-1.252734215095784,1.1248019176505215,-0.4136822967044248,-0.21332743252956127,-0.9033476416285592,-0.31680308769541443,1.1764684265318939,0.4487895059963614,1.630884505772151,0.42490797270490976,0.9515864073230885,-2.0318511268494275,0.6219247613763746,0.3388337985115028,-0.9015150280153342,-0.8790504204034235,0.364044361204507,-1.4144026483318521,-1.3856198649748637,0.04543370580211989,-0.5864489413769169,-0.4689925480293866,-0.5045370440230276,-1.1033761949074794,1.1033761949072374,0.09439401987776606,-0.797532634714271,0.5299699417314534,-0.020508038990577605,-1.2549103149936671,0.07370125664433679,-0.5627481949330562,0.022585583727138345,1.6254000544762381,1.6027869321679555,0.7861711816718736,0.7066148959803511,0.6914815972770152,0.13517851035180414,0.06457489751772424
54,1.0,0.8791826270565083,-0.15269064406640903,-0.18707960809940283,0.9154373508602602,0.5555469140387377,-1.160478663925707,-0.7816681716523848,1.2401840209125135,-1.0236446497413962,-0.3937110028105827,-1.0941363411454654,-1.1599662335034318,0.9007977221099293,0.690281200922802,-0.5741220531533309,-0.663151499724839,-0.6081870112354669,-0.09764423942148968,-0.40354361485647827,1.7510947416726923,1.7513729614204887,1.2425845141756384,-1.1589079933843447,0.4124135609258048,0.11853448868194781,-0.8177798367716217,-0.11758379986582884,1.3915917678315435,-1.2144533389608505,0.05416632880310037,-0.240600992494428,-0.31079639558902405,-0.5956516993280968,-0.5091638852112798,-1.1033761949074794,1.1033761949072374,-0.49748974528211914,0.14651198279796906,1.117793736813212,-0.1406812778338237,-0.9761825883107766,0.24911179757266835,-1.1034573829291083,-0.21796017596121822,-0.3683917700781858,-0.08105625391869326,0.0795897299148501,-0.3058636475027516,-0.3293920015325688,0.5087772597234179,0.47403123362717
55,1.0,2.0096824230833663,-0.35684456021334066,-0.7469022672185841,0.8722069379536772,1.4995851747506068,-1.1197316778378865,-0.04754890526933324,0.7288828469824511,-0.5136012585490705,0.8808676448228188,-0.7217386484157678,-1.1111885861072675,0.8388376361161631,0.9519952786931424,-0.004360910919642175,0.48619311307357943,-0.7870706450376321,-0.5742813063092544,0.2769611494263861,1.776314323428394,1.7631596952988113,0.2916462885908476,-0.6114702458173986,0.5879258576161562,-1.329110000633347,-0.982702117636645,-1.3670615626248255,1.462133144111674,-0.7523895057044329,-0.22587665180484814,-0.9173172299278796,-0.2248056597310174,-0.2847034828897746,-0.5259361845186699,-1.1033761949074794,1.1033761949072374,-0.8073619939529579,0.7451903467389656,0.4506066811945864,0.45494589333527746,-1.1217761773365722,-0.19782556128067028,-0.8521928451182103,-1.126710045573276,-0.6101865087294743,0.8809870328798538,1.1315497460903026,-0.6289529229339514,-0.6565085604809254,1.2957419802837356,1.2573959564650388
56,1.0,-0.31519996066951766,1.5317966637757805,-0.1050799140581394,-0.29568608469057994,1.3126359431820327,0.3835893319331092,2.3249143034453144,0.3454721726988226,2.9008558454140756,0.24089966866048668,0.5690107720081431,0.31113711640560576,-0.3610826495966115,-0.42773176244568795,0.3461244501926129,-1.3324040019709253,-0.32277296560995644,1.161139148073968,1.1244871813422814,-0.16254358368850294,-0.10397944254187712,-0.2966926419811951,-0.33765028037933736,-0.23351231312943815,0.9333494574208137,-0.438594480511179,0.47034461655528675,-0.3176375687829961,0.17207076203574964,0.9629005746124418,0.33686665953887013,0.8948397026992451,-0.3146491151806049,0.5565594725302746,0.5095862578991541,-0.5095862578992394,-0.25584919552327523,0.38272838863475184,-0.3199382292307857,-0.11427035963878916,0.6052936672543714,-0.3191763704119284,-0.6015360407419934,-0.5771113929477518,0.12273175125553652,0.8884861240763171,0.7879884610617264,-0.24627061603075165,-0.23438524654168078,0.44737776336811874,0.4726487876347189
57,1.0,-0.20698569703640354,-0.3443855278090559,-0.13649084382948629,-1.543223632544649,-0.660473848983781,-0.9076648417718524,-1.2922302239415775,1.18466700163807,-1.67387198685675,-0.7541303054117976,0.3188746838633546,-0.15355260694114148,0.2810601047366212,1.2463420344896317,0.20986410819400908,-1.226556186441645,-0.6657805819335869,0.22067541635403268,0.5003380129673611,-1.4909573423909577,-0.024083612858930552,-0.1416326155586279,0.7801639898962837,-0.3752668426957683,-0.2764516644835219,-0.1782857646527736,-0.9568150532626922,1.0123721569711153,-0.37383118448231284,-0.4754801779989735,-0.8074380470456393,-0.4928235140174727,0.3086946409446597,-0.9863068827483926,-1.1033761949074794,1.1033761949072374,-0.09846485933504899,0.26859797413601133,-0.3234178968807536,1.335456045853663,-0.9316645485894062,0.3420989428244249,-1.5004235516258446,1.207098282135189,1.0976177595608354,-0.4979452229064058,-0.9760025288926154,-0.5545856340570967,-0.5438249622950657,-1.2678540763204904,-1.1936271749892304
58,1.0,0.9241285010537795,0.6380355735252695,-1.13678946071279,0.7842748480880553,0.5249591775784699,-1.0754932265349078,-0.23240240125993913,1.0367163623142417,-0.427626039111885,0.0761180730338526,-0.5253844201461735,0.6435728603000306,-0.2942134106894646,0.23309738177542838,1.882323363828753,-0.018352112004361595,-0.17032178022617067,0.24837970721003955,0.5776754262114686,0.016125755429118056,0.6919923837920551,1.5539366795303853,0.29672726285961837,0.2521710297133957,-1.4911164413096918,0.7651817383489238,-0.5922230923290596,-0.2599203858694266,-0.17620147266782463,0.33573128213183695,-0.6870941800793996,-0.621005966067551,-0.24480585023068144,-0.6219431391746334,-1.1033761949074794,1.1033761949072374,-0.04999854796199606,0.6655406625505257,0.5094906213467054,0.8571908600988741,-1.287528878688878,-0.020229060828397344,-1.1306387036990184,0.9068109537144408,1.2792033766406863,0.08261874010223728,-0.5116131477362387,-0.671606683675597,-0.660663596428988,-0.8238328362419252,-0.7507169078339903
59,1.0,0.21718331975548405,0.05427394042337355,-1.336516233164037,-0.23127948054476233,0.137418557191843,0.4340046793527747,0.7453275807413914,0.2563633250934543,0.8361230129385323,0.6541271085210909,0.28983888522200335,-0.47491972052225817,-0.36455594306728123,-0.7966097377212322,0.19635629118515727,-0.4501575743116755,-0.5463363230254565,0.5076211217367711,0.019174032926662067,0.2449857185000167,-0.6324013841312255,0.008118146294943,-0.6382873225084554,-0.1961487551953863,-0.9800352819842425,0.7783180192226302,-0.1324125600855773,-0.24732544006080887,-0.15919844584583734,0.6572171208606947,-0.7263549554015472,0.8169731214075027,0.6613683784900225,0.6026735669136339,0.5095862578991541,-0.5095862578992394,-0.5821643148776195,0.3873408660671869,0.5426064977134337,0.8014260263873489,0.31408862456028175,-0.3912778224199541,-0.126751244952836,0.12784595026962528,-0.1777287159824408,-0.3480449774112816,-0.2668044248206602,-1.290367076734666,-1.2994515131841404,-0.14185583081926076,-0.07960325288911647
60,1.0,-0.13304477183224173,0.7832202557925084,-0.7320039005500865,0.5452288148880264,0.7173393390552709,-1.1185810813465853,-0.2976965025004232,1.130576848208176,-0.9512440157526248,-0.7978942147090857,-0.3543074710798586,0.019328019736615437,0.9590474219431441,0.5587715084771231,0.2057072512287621,0.7684198762804356,-1.0771226788017352,0.6651231185789644,-0.1806551775706693,0.44961104303077654,1.2836800417788141,0.7762479089081554,-0.42905357095431146,0.13855959164172604,-0.8423886849381399,0.6472841565971644,-0.6361131396420227,0.4627704408742127,-0.8904055603166662,-1.0705715117909,-0.19176580010237057,-0.38031227083876284,0.36315807600310157,-0.49933184768630867,-1.1033761949074794,1.1033761949072374,0.2873198152317641,0.4690279171348211,-0.17579589366379936,0.7034088831480271,-1.1324157088423155,-0.09247431717168901,-1.1141413497273365,0.2439607689209948,0.6528306825605805,0.3323054179763408,0.010882738067454534,-0.7394099099657755,-0.7457862402299015,-0.05233913537866809,-0.020268307326217726
61,1.0,-0.858482764396422,1.4816152392949598,1.318365762874353,-0.022044752963101887,-0.032248320148781734,0.41794705082594513,1.091190729484303,-0.7667159460902819,1.1454000842884005,1.0697273207837261,0.45042596426679793,-0.08177360983199312,-0.1690513812109865,-1.300194045039389,0.009896601017778891,-0.3692813468855305,0.6895226111202296,-0.596829109498331,-0.5522938648666136,-0.7004206707007619,-0.4124734110423521,-0.19560190756319004,0.34591484979912385,-0.6028980839776542,0.2863911652488201,0.5230350962664221,0.4475145477614422,-0.9240897236017471,0.5150455956375393,0.8277239719483906,-1.147066819591515,0.8068342436351639,0.34433846568018395,0.6166829120427575,0.5095862578991541,-0.5095862578992394,0.1974258764322427,-0.8810904278603343,-0.7402273079419116,-1.1225337186575701,0.6862546034327502,-0.4164566025767212,1.206739148265416,-0.25850412640155196,-0.7822289954711008,-0.4430032260822069,-0.080389912553396,-0.2601903744883017,-0.26076023295831385,-0.009013795220416503,0.004010252420372964
62,1.0,-1.333315607778553,-0.8130100523743163,0.7987217096507998,-0.4872822012252104,-0.06877960101815947,0.6300198704723988,1.4400682174444828,-0.8142280423506832,1.2205916940202317,-0.2500816976049811,-1.1668532534743745,1.014791900124342,-0.693424791902025,1.4206103779527606,-0.5063643610485431,3.1318584926505157,0.2884737055194504,0.3215024765382366,0.7078084765747502,0.3415302621371445,-0.7729323956407038,-0.022311646365255212,-0.4194424013089964,-0.6568106173602934,-0.08070619499466677,0.3959361341604841,-0.35111586960449376,-0.35902127883088153,1.125611033203042,-0.3519991058474758,0.6449192797616271,0.25690151326225114,-0.10244360902562881,0.6873133604020805,0.5095862578991541,-0.5095862578992394,-0.21370136490014768,0.8242083714563098,0.8819518778556126,-0.9769986641983017,0.5401575562975163,-0.408430339647423,0.6228528794736028,-0.44930970151034116,-0.9815738486398522,-0.39025450109441934,0.06245171790638363,0.44059206607811585,0.4555417208915184,0.6539894059319713,0.6402120872700939
